{
  "metadata": {
    "gold_csv": "/home/ecs-user/OpenSDMatch/model_test/gold/annotation_pairs_test.csv",
    "predictions": "/home/ecs-user/OpenSDMatch/model_test/model_outputs/api_glm-5.1_annotation_pairs_test.compact.jsonl",
    "gold_rows": 2805,
    "prediction_rows": 2805,
    "evaluated_rows": 2805,
    "missing_predictions": [],
    "invalid_predictions": []
  },
  "task_1_opportunity_detection": {
    "macro_f1": 0.43224210603997704,
    "confusion_matrix": {
      "labels": [
        "No",
        "Yes"
      ],
      "rows_gold_cols_pred": [
        [
          334,
          1503
        ],
        [
          11,
          957
        ]
      ]
    },
    "per_class": {
      "No": {
        "precision": 0.9681159420289855,
        "recall": 0.18181818181818182,
        "f1": 0.306141154903758,
        "support": 1837,
        "tp": 334,
        "fp": 11,
        "fn": 1503
      },
      "Yes": {
        "precision": 0.38902439024390245,
        "recall": 0.9886363636363636,
        "f1": 0.558343057176196,
        "support": 968,
        "tp": 957,
        "fp": 1503,
        "fn": 11
      }
    }
  },
  "task_2_binary_opportunity_detection": {
    "precision": 0.38902439024390245,
    "recall": 0.9886363636363636,
    "f1": 0.558343057176196,
    "mcc": 0.24673101345607212,
    "tp": 957,
    "tn": 334,
    "fp": 1503,
    "fn": 11
  },
  "task_3_opportunity_score": {
    "condition": "gold has_opportunity == Yes",
    "support": 968,
    "conditional_score_accuracy": 0.5816115702479339,
    "score_macro_f1": 0.4231656228842248,
    "per_class": {
      "1": {
        "precision": 0.06537530266343826,
        "recall": 0.7714285714285715,
        "f1": 0.12053571428571429,
        "support": 35,
        "tp": 27,
        "fp": 386,
        "fn": 8
      },
      "2": {
        "precision": 0.9852941176470589,
        "recall": 0.5744908896034298,
        "f1": 0.7257955314827353,
        "support": 933,
        "tp": 536,
        "fp": 8,
        "fn": 397
      }
    }
  },
  "task_4_role_direction": {
    "condition": "gold has_opportunity == Yes",
    "support": 968,
    "conditional_direction_accuracy": 0.7179752066115702,
    "direction_macro_f1": 0.47787696458372364,
    "per_class": {
      "A_to_B": {
        "precision": 0.5471698113207547,
        "recall": 0.554140127388535,
        "f1": 0.550632911392405,
        "support": 157,
        "tp": 87,
        "fp": 72,
        "fn": 70
      },
      "B_to_A": {
        "precision": 0.9443447037701975,
        "recall": 0.7514285714285714,
        "f1": 0.8369132856006365,
        "support": 700,
        "tp": 526,
        "fp": 31,
        "fn": 174
      },
      "Bidirectional": {
        "precision": 0.40594059405940597,
        "recall": 0.7387387387387387,
        "f1": 0.5239616613418532,
        "support": 111,
        "tp": 82,
        "fp": 120,
        "fn": 29
      },
      "Unclear": {
        "precision": 0.0,
        "recall": 0.0,
        "f1": 0.0,
        "support": 0,
        "tp": 0,
        "fp": 39,
        "fn": 0
      }
    }
  },
  "task_5_cooperation_type": {
    "condition": "gold has_opportunity == Yes",
    "support": 968,
    "conditional_type_macro_f1": 0.40203136212495016,
    "per_class_f1": {
      "供应与生产合作": 0.7905759162303665,
      "营销与分销合作": 0.5622489959839357,
      "许可与技术转移合作": 0.19672131147540986,
      "研发与共同开发合作": 0.5980066445182725,
      "资本与股权合作": 0.6666666666666665,
      "其他": 0.0,
      "None": 0.0
    },
    "per_class": {
      "供应与生产合作": {
        "precision": 0.897029702970297,
        "recall": 0.7067082683307332,
        "f1": 0.7905759162303665,
        "support": 641,
        "tp": 453,
        "fp": 52,
        "fn": 188
      },
      "营销与分销合作": {
        "precision": 0.5185185185185185,
        "recall": 0.6140350877192983,
        "f1": 0.5622489959839357,
        "support": 114,
        "tp": 70,
        "fp": 65,
        "fn": 44
      },
      "许可与技术转移合作": {
        "precision": 0.3333333333333333,
        "recall": 0.13953488372093023,
        "f1": 0.19672131147540986,
        "support": 86,
        "tp": 12,
        "fp": 24,
        "fn": 74
      },
      "研发与共同开发合作": {
        "precision": 0.47619047619047616,
        "recall": 0.8035714285714286,
        "f1": 0.5980066445182725,
        "support": 112,
        "tp": 90,
        "fp": 99,
        "fn": 22
      },
      "资本与股权合作": {
        "precision": 0.75,
        "recall": 0.6,
        "f1": 0.6666666666666665,
        "support": 15,
        "tp": 9,
        "fp": 3,
        "fn": 6
      },
      "其他": {
        "precision": 0.0,
        "recall": 0.0,
        "f1": 0.0,
        "support": 0,
        "tp": 0,
        "fp": 80,
        "fn": 0
      },
      "None": {
        "precision": 0.0,
        "recall": 0.0,
        "f1": 0.0,
        "support": 0,
        "tp": 0,
        "fp": 11,
        "fn": 0
      }
    }
  },
  "task_6_joint_prediction": {
    "opportunity_score_direction_type_exact_match": 0.253475935828877,
    "opportunity_score_direction_type_exact_match_on_gold_positive": 0.3894628099173554
  },
  "task_7_reliability": {
    "confidence_accuracy_target": "match",
    "confidence_accuracy_curve": [
      {
        "confidence": 1,
        "n": 2012,
        "accuracy": 0.3508946322067594,
        "errors": 1306
      },
      {
        "confidence": 2,
        "n": 793,
        "accuracy": 0.7377049180327869,
        "errors": 208
      }
    ],
    "high_confidence_threshold": 2,
    "high_confidence_count": 793,
    "high_confidence_opportunity_error_rate": 0.26229508196721313,
    "high_confidence_joint_error_rate": 0.4854981084489281
  }
}
