{
  "metadata": {
    "gold_csv": "/home/ecs-user/OpenSDMatch/model_test/gold/annotation_pairs_test.csv",
    "predictions": "/home/ecs-user/OpenSDMatch/model_test/model_outputs/api_qwen3.6-35b-a3b_annotation_pairs_test.compact.jsonl",
    "gold_rows": 2805,
    "prediction_rows": 2805,
    "evaluated_rows": 2804,
    "missing_predictions": [],
    "invalid_predictions": [
      "ANN_01816"
    ]
  },
  "task_1_opportunity_detection": {
    "macro_f1": 0.5604540540540541,
    "confusion_matrix": {
      "labels": [
        "No",
        "Yes"
      ],
      "rows_gold_cols_pred": [
        [
          641,
          1195
        ],
        [
          23,
          945
        ]
      ]
    },
    "per_class": {
      "No": {
        "precision": 0.9653614457831325,
        "recall": 0.3491285403050109,
        "f1": 0.5128,
        "support": 1836,
        "tp": 641,
        "fp": 23,
        "fn": 1195
      },
      "Yes": {
        "precision": 0.441588785046729,
        "recall": 0.9762396694214877,
        "f1": 0.6081081081081081,
        "support": 968,
        "tp": 945,
        "fp": 1195,
        "fn": 23
      }
    }
  },
  "task_2_binary_opportunity_detection": {
    "precision": 0.441588785046729,
    "recall": 0.9762396694214877,
    "f1": 0.6081081081081081,
    "mcc": 0.36388001876016407,
    "tp": 945,
    "tn": 641,
    "fp": 1195,
    "fn": 23
  },
  "task_3_opportunity_score": {
    "condition": "gold has_opportunity == Yes",
    "support": 968,
    "conditional_score_accuracy": 0.756198347107438,
    "score_macro_f1": 0.48036461446503287,
    "per_class": {
      "1": {
        "precision": 0.05853658536585366,
        "recall": 0.34285714285714286,
        "f1": 0.1,
        "support": 35,
        "tp": 12,
        "fp": 193,
        "fn": 23
      },
      "2": {
        "precision": 0.972972972972973,
        "recall": 0.7717041800643086,
        "f1": 0.8607292289300658,
        "support": 933,
        "tp": 720,
        "fp": 20,
        "fn": 213
      }
    }
  },
  "task_4_role_direction": {
    "condition": "gold has_opportunity == Yes",
    "support": 968,
    "conditional_direction_accuracy": 0.6890495867768595,
    "direction_macro_f1": 0.4753610687060206,
    "per_class": {
      "A_to_B": {
        "precision": 0.43902439024390244,
        "recall": 0.6878980891719745,
        "f1": 0.5359801488833746,
        "support": 157,
        "tp": 108,
        "fp": 138,
        "fn": 49
      },
      "B_to_A": {
        "precision": 0.9439071566731141,
        "recall": 0.6971428571428572,
        "f1": 0.8019720624486442,
        "support": 700,
        "tp": 488,
        "fp": 29,
        "fn": 212
      },
      "Bidirectional": {
        "precision": 0.5035460992907801,
        "recall": 0.6396396396396397,
        "f1": 0.5634920634920635,
        "support": 111,
        "tp": 71,
        "fp": 70,
        "fn": 40
      },
      "Unclear": {
        "precision": 0.0,
        "recall": 0.0,
        "f1": 0.0,
        "support": 0,
        "tp": 0,
        "fp": 41,
        "fn": 0
      }
    }
  },
  "task_5_cooperation_type": {
    "condition": "gold has_opportunity == Yes",
    "support": 968,
    "conditional_type_macro_f1": 0.38947039787375914,
    "per_class_f1": {
      "供应与生产合作": 0.8330683624801272,
      "营销与分销合作": 0.5454545454545454,
      "许可与技术转移合作": 0.0,
      "研发与共同开发合作": 0.6554621848739496,
      "资本与股权合作": 0.6923076923076923,
      "其他": 0.0,
      "None": 0.0
    },
    "per_class": {
      "供应与生产合作": {
        "precision": 0.8492706645056726,
        "recall": 0.8174726989079563,
        "f1": 0.8330683624801272,
        "support": 641,
        "tp": 524,
        "fp": 93,
        "fn": 117
      },
      "营销与分销合作": {
        "precision": 0.4658385093167702,
        "recall": 0.6578947368421053,
        "f1": 0.5454545454545454,
        "support": 114,
        "tp": 75,
        "fp": 86,
        "fn": 39
      },
      "许可与技术转移合作": {
        "precision": 0.0,
        "recall": 0.0,
        "f1": 0.0,
        "support": 86,
        "tp": 0,
        "fp": 0,
        "fn": 86
      },
      "研发与共同开发合作": {
        "precision": 0.6190476190476191,
        "recall": 0.6964285714285714,
        "f1": 0.6554621848739496,
        "support": 112,
        "tp": 78,
        "fp": 48,
        "fn": 34
      },
      "资本与股权合作": {
        "precision": 0.8181818181818182,
        "recall": 0.6,
        "f1": 0.6923076923076923,
        "support": 15,
        "tp": 9,
        "fp": 2,
        "fn": 6
      },
      "其他": {
        "precision": 0.0,
        "recall": 0.0,
        "f1": 0.0,
        "support": 0,
        "tp": 0,
        "fp": 30,
        "fn": 0
      },
      "None": {
        "precision": 0.0,
        "recall": 0.0,
        "f1": 0.0,
        "support": 0,
        "tp": 0,
        "fp": 23,
        "fn": 0
      }
    }
  },
  "task_6_joint_prediction": {
    "opportunity_score_direction_type_exact_match": 0.40228245363766046,
    "opportunity_score_direction_type_exact_match_on_gold_positive": 0.503099173553719
  },
  "task_7_reliability": {
    "confidence_accuracy_target": "match",
    "confidence_accuracy_curve": [
      {
        "confidence": 1,
        "n": 68,
        "accuracy": 0.2647058823529412,
        "errors": 50
      },
      {
        "confidence": 2,
        "n": 2736,
        "accuracy": 0.5730994152046783,
        "errors": 1168
      }
    ],
    "high_confidence_threshold": 2,
    "high_confidence_count": 2736,
    "high_confidence_opportunity_error_rate": 0.4269005847953216,
    "high_confidence_joint_error_rate": 0.5906432748538012
  }
}
