{
  "metadata": {
    "gold_csv": "/home/ecs-user/OpenSDMatch/model_test/gold/annotation_pairs_test.csv",
    "predictions": "/home/ecs-user/OpenSDMatch/model_test/model_outputs/api_qwen3.7-plus_annotation_pairs_test.compact.jsonl",
    "gold_rows": 2805,
    "prediction_rows": 2805,
    "evaluated_rows": 2805,
    "missing_predictions": [],
    "invalid_predictions": []
  },
  "task_1_opportunity_detection": {
    "macro_f1": 0.6964465471088251,
    "confusion_matrix": {
      "labels": [
        "No",
        "Yes"
      ],
      "rows_gold_cols_pred": [
        [
          1068,
          769
        ],
        [
          79,
          889
        ]
      ]
    },
    "per_class": {
      "No": {
        "precision": 0.9311246730601569,
        "recall": 0.5813826891671203,
        "f1": 0.7158176943699731,
        "support": 1837,
        "tp": 1068,
        "fp": 79,
        "fn": 769
      },
      "Yes": {
        "precision": 0.5361881785283474,
        "recall": 0.9183884297520661,
        "f1": 0.6770753998476772,
        "support": 968,
        "tp": 889,
        "fp": 769,
        "fn": 79
      }
    }
  },
  "task_2_binary_opportunity_detection": {
    "precision": 0.5361881785283474,
    "recall": 0.9183884297520661,
    "f1": 0.6770753998476772,
    "mcc": 0.4832695590699899,
    "tp": 889,
    "tn": 1068,
    "fp": 769,
    "fn": 79
  },
  "task_3_opportunity_score": {
    "condition": "gold has_opportunity == Yes",
    "support": 968,
    "conditional_score_accuracy": 0.7241735537190083,
    "score_macro_f1": 0.4673810007448033,
    "per_class": {
      "1": {
        "precision": 0.055248618784530384,
        "recall": 0.2857142857142857,
        "f1": 0.09259259259259259,
        "support": 35,
        "tp": 10,
        "fp": 171,
        "fn": 25
      },
      "2": {
        "precision": 0.9759887005649718,
        "recall": 0.7406216505894962,
        "f1": 0.8421694088970141,
        "support": 933,
        "tp": 691,
        "fp": 17,
        "fn": 242
      }
    }
  },
  "task_4_role_direction": {
    "condition": "gold has_opportunity == Yes",
    "support": 968,
    "conditional_direction_accuracy": 0.7272727272727273,
    "direction_macro_f1": 0.5027909174558925,
    "per_class": {
      "A_to_B": {
        "precision": 0.5304878048780488,
        "recall": 0.554140127388535,
        "f1": 0.5420560747663552,
        "support": 157,
        "tp": 87,
        "fp": 77,
        "fn": 70
      },
      "B_to_A": {
        "precision": 0.9294320137693631,
        "recall": 0.7714285714285715,
        "f1": 0.8430913348946135,
        "support": 700,
        "tp": 540,
        "fp": 41,
        "fn": 160
      },
      "Bidirectional": {
        "precision": 0.5703703703703704,
        "recall": 0.6936936936936937,
        "f1": 0.6260162601626017,
        "support": 111,
        "tp": 77,
        "fp": 58,
        "fn": 34
      },
      "Unclear": {
        "precision": 0.0,
        "recall": 0.0,
        "f1": 0.0,
        "support": 0,
        "tp": 0,
        "fp": 9,
        "fn": 0
      }
    }
  },
  "task_5_cooperation_type": {
    "condition": "gold has_opportunity == Yes",
    "support": 968,
    "conditional_type_macro_f1": 0.41502744948604076,
    "per_class_f1": {
      "供应与生产合作": 0.830744071954211,
      "营销与分销合作": 0.5765765765765766,
      "许可与技术转移合作": 0.04395604395604395,
      "研发与共同开发合作": 0.6846846846846847,
      "资本与股权合作": 0.7692307692307692,
      "其他": 0.0,
      "None": 0.0
    },
    "per_class": {
      "供应与生产合作": {
        "precision": 0.872852233676976,
        "recall": 0.7925117004680188,
        "f1": 0.830744071954211,
        "support": 641,
        "tp": 508,
        "fp": 74,
        "fn": 133
      },
      "营销与分销合作": {
        "precision": 0.5925925925925926,
        "recall": 0.5614035087719298,
        "f1": 0.5765765765765766,
        "support": 114,
        "tp": 64,
        "fp": 44,
        "fn": 50
      },
      "许可与技术转移合作": {
        "precision": 0.4,
        "recall": 0.023255813953488372,
        "f1": 0.04395604395604395,
        "support": 86,
        "tp": 2,
        "fp": 3,
        "fn": 84
      },
      "研发与共同开发合作": {
        "precision": 0.6909090909090909,
        "recall": 0.6785714285714286,
        "f1": 0.6846846846846847,
        "support": 112,
        "tp": 76,
        "fp": 34,
        "fn": 36
      },
      "资本与股权合作": {
        "precision": 0.9090909090909091,
        "recall": 0.6666666666666666,
        "f1": 0.7692307692307692,
        "support": 15,
        "tp": 10,
        "fp": 1,
        "fn": 5
      },
      "其他": {
        "precision": 0.0,
        "recall": 0.0,
        "f1": 0.0,
        "support": 0,
        "tp": 0,
        "fp": 73,
        "fn": 0
      },
      "None": {
        "precision": 0.0,
        "recall": 0.0,
        "f1": 0.0,
        "support": 0,
        "tp": 0,
        "fp": 79,
        "fn": 0
      }
    }
  },
  "task_6_joint_prediction": {
    "opportunity_score_direction_type_exact_match": 0.5590017825311943,
    "opportunity_score_direction_type_exact_match_on_gold_positive": 0.5165289256198347
  },
  "task_7_reliability": {
    "confidence_accuracy_target": "match",
    "confidence_accuracy_curve": [
      {
        "confidence": 1,
        "n": 209,
        "accuracy": 0.24401913875598086,
        "errors": 158
      },
      {
        "confidence": 2,
        "n": 2596,
        "accuracy": 0.734206471494607,
        "errors": 690
      }
    ],
    "high_confidence_threshold": 2,
    "high_confidence_count": 2596,
    "high_confidence_opportunity_error_rate": 0.2657935285053929,
    "high_confidence_joint_error_rate": 0.39637904468412943
  }
}
