{
  "metadata": {
    "gold_csv": "/home/ecs-user/OpenSDMatch/model_test/gold/annotation_pairs_test.csv",
    "predictions": "/home/ecs-user/OpenSDMatch/model_test/model_outputs/api_qwen3.6-max-preview_annotation_pairs_test.compact.jsonl",
    "gold_rows": 2805,
    "prediction_rows": 2805,
    "evaluated_rows": 2805,
    "missing_predictions": [],
    "invalid_predictions": []
  },
  "task_1_opportunity_detection": {
    "macro_f1": 0.7025435450819673,
    "confusion_matrix": {
      "labels": [
        "No",
        "Yes"
      ],
      "rows_gold_cols_pred": [
        [
          1111,
          726
        ],
        [
          102,
          866
        ]
      ]
    },
    "per_class": {
      "No": {
        "precision": 0.9159109645507008,
        "recall": 0.6047904191616766,
        "f1": 0.7285245901639344,
        "support": 1837,
        "tp": 1111,
        "fp": 102,
        "fn": 726
      },
      "Yes": {
        "precision": 0.5439698492462312,
        "recall": 0.8946280991735537,
        "f1": 0.6765625,
        "support": 968,
        "tp": 866,
        "fp": 726,
        "fn": 102
      }
    }
  },
  "task_2_binary_opportunity_detection": {
    "precision": 0.5439698492462312,
    "recall": 0.8946280991735537,
    "f1": 0.6765625,
    "mcc": 0.4792421044078491,
    "tp": 866,
    "tn": 1111,
    "fp": 726,
    "fn": 102
  },
  "task_3_opportunity_score": {
    "condition": "gold has_opportunity == Yes",
    "support": 968,
    "conditional_score_accuracy": 0.7634297520661157,
    "score_macro_f1": 0.4987031451132587,
    "per_class": {
      "1": {
        "precision": 0.08333333333333333,
        "recall": 0.2857142857142857,
        "f1": 0.12903225806451613,
        "support": 35,
        "tp": 10,
        "fp": 110,
        "fn": 25
      },
      "2": {
        "precision": 0.9772117962466488,
        "recall": 0.7813504823151125,
        "f1": 0.8683740321620013,
        "support": 933,
        "tp": 729,
        "fp": 17,
        "fn": 204
      }
    }
  },
  "task_4_role_direction": {
    "condition": "gold has_opportunity == Yes",
    "support": 968,
    "conditional_direction_accuracy": 0.6838842975206612,
    "direction_macro_f1": 0.43958262897837774,
    "per_class": {
      "A_to_B": {
        "precision": 0.5496688741721855,
        "recall": 0.5286624203821656,
        "f1": 0.538961038961039,
        "support": 157,
        "tp": 83,
        "fp": 68,
        "fn": 74
      },
      "B_to_A": {
        "precision": 0.9335664335664335,
        "recall": 0.7628571428571429,
        "f1": 0.839622641509434,
        "support": 700,
        "tp": 534,
        "fp": 38,
        "fn": 166
      },
      "Bidirectional": {
        "precision": 0.35714285714285715,
        "recall": 0.40540540540540543,
        "f1": 0.379746835443038,
        "support": 111,
        "tp": 45,
        "fp": 81,
        "fn": 66
      },
      "Unclear": {
        "precision": 0.0,
        "recall": 0.0,
        "f1": 0.0,
        "support": 0,
        "tp": 0,
        "fp": 17,
        "fn": 0
      }
    }
  },
  "task_5_cooperation_type": {
    "condition": "gold has_opportunity == Yes",
    "support": 968,
    "conditional_type_macro_f1": 0.3712108810610468,
    "per_class_f1": {
      "供应与生产合作": 0.838813151563753,
      "营销与分销合作": 0.5546218487394958,
      "许可与技术转移合作": 0.14285714285714288,
      "研发与共同开发合作": 0.45348837209302323,
      "资本与股权合作": 0.608695652173913,
      "其他": 0.0,
      "None": 0.0
    },
    "per_class": {
      "供应与生产合作": {
        "precision": 0.863036303630363,
        "recall": 0.8159126365054602,
        "f1": 0.838813151563753,
        "support": 641,
        "tp": 523,
        "fp": 83,
        "fn": 118
      },
      "营销与分销合作": {
        "precision": 0.532258064516129,
        "recall": 0.5789473684210527,
        "f1": 0.5546218487394958,
        "support": 114,
        "tp": 66,
        "fp": 58,
        "fn": 48
      },
      "许可与技术转移合作": {
        "precision": 0.5833333333333334,
        "recall": 0.08139534883720931,
        "f1": 0.14285714285714288,
        "support": 86,
        "tp": 7,
        "fp": 5,
        "fn": 79
      },
      "研发与共同开发合作": {
        "precision": 0.65,
        "recall": 0.3482142857142857,
        "f1": 0.45348837209302323,
        "support": 112,
        "tp": 39,
        "fp": 21,
        "fn": 73
      },
      "资本与股权合作": {
        "precision": 0.875,
        "recall": 0.4666666666666667,
        "f1": 0.608695652173913,
        "support": 15,
        "tp": 7,
        "fp": 1,
        "fn": 8
      },
      "其他": {
        "precision": 0.0,
        "recall": 0.0,
        "f1": 0.0,
        "support": 0,
        "tp": 0,
        "fp": 56,
        "fn": 0
      },
      "None": {
        "precision": 0.0,
        "recall": 0.0,
        "f1": 0.0,
        "support": 0,
        "tp": 0,
        "fp": 102,
        "fn": 0
      }
    }
  },
  "task_6_joint_prediction": {
    "opportunity_score_direction_type_exact_match": 0.5764705882352941,
    "opportunity_score_direction_type_exact_match_on_gold_positive": 0.5227272727272727
  },
  "task_7_reliability": {
    "confidence_accuracy_target": "match",
    "confidence_accuracy_curve": [
      {
        "confidence": 1,
        "n": 385,
        "accuracy": 0.33506493506493507,
        "errors": 256
      },
      {
        "confidence": 2,
        "n": 2420,
        "accuracy": 0.7636363636363637,
        "errors": 572
      }
    ],
    "high_confidence_threshold": 2,
    "high_confidence_count": 2420,
    "high_confidence_opportunity_error_rate": 0.23636363636363636,
    "high_confidence_joint_error_rate": 0.3458677685950413
  }
}
