{
  "metadata": {
    "gold_csv": "/home/ecs-user/OpenSDMatch/model_test/gold/annotation_pairs_test.csv",
    "predictions": "/home/ecs-user/OpenSDMatch/model_test/model_outputs/api_glm-5.2_annotation_pairs_test.compact.jsonl",
    "gold_rows": 2805,
    "prediction_rows": 2805,
    "evaluated_rows": 2805,
    "missing_predictions": [],
    "invalid_predictions": []
  },
  "task_1_opportunity_detection": {
    "macro_f1": 0.5377776423221999,
    "confusion_matrix": {
      "labels": [
        "No",
        "Yes"
      ],
      "rows_gold_cols_pred": [
        [
          588,
          1249
        ],
        [
          27,
          941
        ]
      ]
    },
    "per_class": {
      "No": {
        "precision": 0.9560975609756097,
        "recall": 0.3200870985302123,
        "f1": 0.4796084828711256,
        "support": 1837,
        "tp": 588,
        "fp": 27,
        "fn": 1249
      },
      "Yes": {
        "precision": 0.42968036529680365,
        "recall": 0.9721074380165289,
        "f1": 0.5959468017732742,
        "support": 968,
        "tp": 941,
        "fp": 1249,
        "fn": 27
      }
    }
  },
  "task_2_binary_opportunity_detection": {
    "precision": 0.42968036529680365,
    "recall": 0.9721074380165289,
    "f1": 0.5959468017732742,
    "mcc": 0.3357412729724047,
    "tp": 941,
    "tn": 588,
    "fp": 1249,
    "fn": 27
  },
  "task_3_opportunity_score": {
    "condition": "gold has_opportunity == Yes",
    "support": 968,
    "conditional_score_accuracy": 0.7520661157024794,
    "score_macro_f1": 0.49996865581675715,
    "per_class": {
      "1": {
        "precision": 0.08372093023255814,
        "recall": 0.5142857142857142,
        "f1": 0.144,
        "support": 35,
        "tp": 18,
        "fp": 197,
        "fn": 17
      },
      "2": {
        "precision": 0.977961432506887,
        "recall": 0.7609860664523044,
        "f1": 0.8559373116335143,
        "support": 933,
        "tp": 710,
        "fp": 16,
        "fn": 223
      }
    }
  },
  "task_4_role_direction": {
    "condition": "gold has_opportunity == Yes",
    "support": 968,
    "conditional_direction_accuracy": 0.6787190082644629,
    "direction_macro_f1": 0.4490130624770411,
    "per_class": {
      "A_to_B": {
        "precision": 0.5241379310344828,
        "recall": 0.4840764331210191,
        "f1": 0.5033112582781457,
        "support": 157,
        "tp": 76,
        "fp": 69,
        "fn": 81
      },
      "B_to_A": {
        "precision": 0.9515503875968992,
        "recall": 0.7014285714285714,
        "f1": 0.8075657894736843,
        "support": 700,
        "tp": 491,
        "fp": 25,
        "fn": 209
      },
      "Bidirectional": {
        "precision": 0.34615384615384615,
        "recall": 0.8108108108108109,
        "f1": 0.48517520215633425,
        "support": 111,
        "tp": 90,
        "fp": 170,
        "fn": 21
      },
      "Unclear": {
        "precision": 0.0,
        "recall": 0.0,
        "f1": 0.0,
        "support": 0,
        "tp": 0,
        "fp": 20,
        "fn": 0
      }
    }
  },
  "task_5_cooperation_type": {
    "condition": "gold has_opportunity == Yes",
    "support": 968,
    "conditional_type_macro_f1": 0.3875258627808068,
    "per_class_f1": {
      "供应与生产合作": 0.8190954773869348,
      "营销与分销合作": 0.5570776255707763,
      "许可与技术转移合作": 0.02222222222222222,
      "研发与共同开发合作": 0.6000000000000001,
      "资本与股权合作": 0.7142857142857142,
      "其他": 0.0,
      "None": 0.0
    },
    "per_class": {
      "供应与生产合作": {
        "precision": 0.8842676311030742,
        "recall": 0.7628705148205929,
        "f1": 0.8190954773869348,
        "support": 641,
        "tp": 489,
        "fp": 64,
        "fn": 152
      },
      "营销与分销合作": {
        "precision": 0.580952380952381,
        "recall": 0.5350877192982456,
        "f1": 0.5570776255707763,
        "support": 114,
        "tp": 61,
        "fp": 44,
        "fn": 53
      },
      "许可与技术转移合作": {
        "precision": 0.25,
        "recall": 0.011627906976744186,
        "f1": 0.02222222222222222,
        "support": 86,
        "tp": 1,
        "fp": 3,
        "fn": 85
      },
      "研发与共同开发合作": {
        "precision": 0.4696969696969697,
        "recall": 0.8303571428571429,
        "f1": 0.6000000000000001,
        "support": 112,
        "tp": 93,
        "fp": 105,
        "fn": 19
      },
      "资本与股权合作": {
        "precision": 0.7692307692307693,
        "recall": 0.6666666666666666,
        "f1": 0.7142857142857142,
        "support": 15,
        "tp": 10,
        "fp": 3,
        "fn": 5
      },
      "其他": {
        "precision": 0.0,
        "recall": 0.0,
        "f1": 0.0,
        "support": 0,
        "tp": 0,
        "fp": 68,
        "fn": 0
      },
      "None": {
        "precision": 0.0,
        "recall": 0.0,
        "f1": 0.0,
        "support": 0,
        "tp": 0,
        "fp": 27,
        "fn": 0
      }
    }
  },
  "task_6_joint_prediction": {
    "opportunity_score_direction_type_exact_match": 0.37219251336898396,
    "opportunity_score_direction_type_exact_match_on_gold_positive": 0.47107438016528924
  },
  "task_7_reliability": {
    "confidence_accuracy_target": "match",
    "confidence_accuracy_curve": [
      {
        "confidence": 1,
        "n": 1100,
        "accuracy": 0.25636363636363635,
        "errors": 818
      },
      {
        "confidence": 2,
        "n": 1705,
        "accuracy": 0.7313782991202346,
        "errors": 458
      }
    ],
    "high_confidence_threshold": 2,
    "high_confidence_count": 1705,
    "high_confidence_opportunity_error_rate": 0.2686217008797654,
    "high_confidence_joint_error_rate": 0.43284457478005867
  }
}
