{
  "metadata": {
    "gold_csv": "/home/ecs-user/OpenSDMatch/model_test/gold/annotation_pairs_test.csv",
    "predictions": "/home/ecs-user/OpenSDMatch/model_test/model_outputs/api_deepseek-v4-flash_annotation_pairs_test.compact.jsonl",
    "gold_rows": 2805,
    "prediction_rows": 2805,
    "evaluated_rows": 2805,
    "missing_predictions": [],
    "invalid_predictions": []
  },
  "task_1_opportunity_detection": {
    "macro_f1": 0.5080517511240077,
    "confusion_matrix": {
      "labels": [
        "No",
        "Yes"
      ],
      "rows_gold_cols_pred": [
        [
          521,
          1316
        ],
        [
          34,
          934
        ]
      ]
    },
    "per_class": {
      "No": {
        "precision": 0.9387387387387387,
        "recall": 0.28361458900381054,
        "f1": 0.43561872909698995,
        "support": 1837,
        "tp": 521,
        "fp": 34,
        "fn": 1316
      },
      "Yes": {
        "precision": 0.4151111111111111,
        "recall": 0.9648760330578512,
        "f1": 0.5804847731510254,
        "support": 968,
        "tp": 934,
        "fp": 1316,
        "fn": 34
      }
    }
  },
  "task_2_binary_opportunity_detection": {
    "precision": 0.4151111111111111,
    "recall": 0.9648760330578512,
    "f1": 0.5804847731510254,
    "mcc": 0.2965271813942439,
    "tp": 934,
    "tn": 521,
    "fp": 1316,
    "fn": 34
  },
  "task_3_opportunity_score": {
    "condition": "gold has_opportunity == Yes",
    "support": 968,
    "conditional_score_accuracy": 0.7448347107438017,
    "score_macro_f1": 0.48022503236084835,
    "per_class": {
      "1": {
        "precision": 0.06280193236714976,
        "recall": 0.37142857142857144,
        "f1": 0.10743801652892562,
        "support": 35,
        "tp": 13,
        "fp": 194,
        "fn": 22
      },
      "2": {
        "precision": 0.9738651994497937,
        "recall": 0.7588424437299035,
        "f1": 0.8530120481927711,
        "support": 933,
        "tp": 708,
        "fp": 19,
        "fn": 225
      }
    }
  },
  "task_4_role_direction": {
    "condition": "gold has_opportunity == Yes",
    "support": 968,
    "conditional_direction_accuracy": 0.7097107438016529,
    "direction_macro_f1": 0.4797789562841716,
    "per_class": {
      "A_to_B": {
        "precision": 0.5948275862068966,
        "recall": 0.4394904458598726,
        "f1": 0.5054945054945056,
        "support": 157,
        "tp": 69,
        "fp": 47,
        "fn": 88
      },
      "B_to_A": {
        "precision": 0.9307282415630551,
        "recall": 0.7485714285714286,
        "f1": 0.8297703879651622,
        "support": 700,
        "tp": 524,
        "fp": 39,
        "fn": 176
      },
      "Bidirectional": {
        "precision": 0.44549763033175355,
        "recall": 0.8468468468468469,
        "f1": 0.5838509316770186,
        "support": 111,
        "tp": 94,
        "fp": 117,
        "fn": 17
      },
      "Unclear": {
        "precision": 0.0,
        "recall": 0.0,
        "f1": 0.0,
        "support": 0,
        "tp": 0,
        "fp": 44,
        "fn": 0
      }
    }
  },
  "task_5_cooperation_type": {
    "condition": "gold has_opportunity == Yes",
    "support": 968,
    "conditional_type_macro_f1": 0.3592628642767689,
    "per_class_f1": {
      "供应与生产合作": 0.8107653490328006,
      "营销与分销合作": 0.5503355704697986,
      "许可与技术转移合作": 0.0,
      "研发与共同开发合作": 0.632,
      "资本与股权合作": 0.5217391304347827,
      "其他": 0.0,
      "None": 0.0
    },
    "per_class": {
      "供应与生产合作": {
        "precision": 0.8795620437956204,
        "recall": 0.7519500780031201,
        "f1": 0.8107653490328006,
        "support": 641,
        "tp": 482,
        "fp": 66,
        "fn": 159
      },
      "营销与分销合作": {
        "precision": 0.44565217391304346,
        "recall": 0.7192982456140351,
        "f1": 0.5503355704697986,
        "support": 114,
        "tp": 82,
        "fp": 102,
        "fn": 32
      },
      "许可与技术转移合作": {
        "precision": 0.0,
        "recall": 0.0,
        "f1": 0.0,
        "support": 86,
        "tp": 0,
        "fp": 0,
        "fn": 86
      },
      "研发与共同开发合作": {
        "precision": 0.572463768115942,
        "recall": 0.7053571428571429,
        "f1": 0.632,
        "support": 112,
        "tp": 79,
        "fp": 59,
        "fn": 33
      },
      "资本与股权合作": {
        "precision": 0.75,
        "recall": 0.4,
        "f1": 0.5217391304347827,
        "support": 15,
        "tp": 6,
        "fp": 2,
        "fn": 9
      },
      "其他": {
        "precision": 0.0,
        "recall": 0.0,
        "f1": 0.0,
        "support": 0,
        "tp": 0,
        "fp": 56,
        "fn": 0
      },
      "None": {
        "precision": 0.0,
        "recall": 0.0,
        "f1": 0.0,
        "support": 0,
        "tp": 0,
        "fp": 34,
        "fn": 0
      }
    }
  },
  "task_6_joint_prediction": {
    "opportunity_score_direction_type_exact_match": 0.35614973262032085,
    "opportunity_score_direction_type_exact_match_on_gold_positive": 0.493801652892562
  },
  "task_7_reliability": {
    "confidence_accuracy_target": "match",
    "confidence_accuracy_curve": [
      {
        "confidence": 1,
        "n": 933,
        "accuracy": 0.40836012861736337,
        "errors": 552
      },
      {
        "confidence": 2,
        "n": 1872,
        "accuracy": 0.5737179487179487,
        "errors": 798
      }
    ],
    "high_confidence_threshold": 2,
    "high_confidence_count": 1872,
    "high_confidence_opportunity_error_rate": 0.42628205128205127,
    "high_confidence_joint_error_rate": 0.5641025641025641
  }
}
